sub_name,top_subs,size
guns,"{'AskReddit': [49116, 12], 'tacticalgear': [45763, 6], 'NFA': [36101, 15], 'OldSchoolCool': [21702, 6], 'mildlyinfuriating': [12181, 5], 'Glocks': [8271, 8], 'ar15': [8093, 9], 'todayilearned': [6600, 2], 'gaming': [6086, 4], 'videos': [6072, 5], 'MURICA': [3885, 3], 'Military': [3559, 3], 'JustBootThings': [3505, 2], 'greentext': [1290, 2], 'GlockMod': [1156, 2], 'CombatFootage': [1139, 3], 'dontyouknowwhoiam': [1034, 2], 'EDC': [704, 2], 'Tinder': [654, 3], 'PlebeianAR': [577, 2], 'GunAccessoriesForSale': [490, 7], 'QualityTacticalGear': [261, 4], '2011': [209, 2], 'VAGuns': [83, 2], 'CompetitionShooting': [81, 3]}",865465
AskReddit,"{'technology': [168230, 3], 'worldnews': [152538, 5], 'politics': [111045, 5], 'europe': [17746, 4], 'todayilearned': [10958, 4], 'NoStupidQuestions': [2102, 9], 'Damnthatsinteresting': [1640, 6], 'TwoXChromosomes': [443, 3], 'Futurology': [232, 2], 'hacking': [160, 2], 'notinteresting': [148, 2], 'meirl': [58, 2], 'iphone': [38, 3], 'CryptoCurrency': [23, 4], 'ios': [16, 2], 'Parenting': [15, 2], 'youtube': [14, 2], 'WorkOnline': [6, 2], 'relationships': [5, 3], 'Tiktokhelp': [3, 2], 'legaladvice': [3, 2], 'technicallythetruth': [3, 2], 'gaming': [2, 2], 'mentalhealth': [1, 3], 'news': [1, 2]}",52719793
tacticalgear,"{'guns': [123061, 14], 'GunPorn': [25309, 8], 'ar15': [21608, 18], 'AskReddit': [18336, 8], 'interestingasfuck': [18238, 7], 'NFA': [15201, 12], 'funny': [12683, 2], 'preppers': [4052, 2], 'Damnthatsinteresting': [3596, 2], 'pcmasterrace': [2977, 2], 'blackmagicfuckery': [2596, 3], 'RoastMe': [2465, 3], 'Unexpected': [1488, 3], 'SocialistRA': [1310, 2], 'todayilearned': [1210, 4], 'Wellthatsucks': [1003, 2], 'BlackPeopleTwitter': [712, 2], 'MurderedByWords': [542, 2], 'LewisMachineTool': [519, 2], 'TikTokCringe': [327, 2], 'GunAccessoriesForSale': [290, 9], 'NoStupidQuestions': [235, 4], 'CrappyDesign': [221, 2], 'ABoringDystopia': [178, 2], 'worldnews': [167, 3]}",287469
NFA,"{'tacticalgear': [41309, 9], 'GunPorn': [28792, 8], 'ar15': [21186, 18], 'Glocks': [9593, 9], 'NightVision': [6305, 9], 'gundeals': [3442, 8], 'HecklerKoch': [2940, 5], '300BLK': [2815, 8], 'kac': [2396, 6], 'MP5': [2152, 9], 'CCW': [1963, 6], 'Firearms': [1729, 7], 'aviation': [1482, 3], 'OmegaWatches': [907, 3], 'FNSCAR': [890, 7], 'GunAccessoriesForSale': [739, 11], '2011': [654, 3], 'Glock43X': [447, 3], 'rolex': [208, 2], 'ToyotaTacoma': [208, 2], 'GunMemes': [204, 3], 'Helicopters': [191, 2], 'Tacomaworld': [187, 2], 'LewisMachineTool': [99, 2], 'supersafety': [5, 2]}",228830
worldnews,"{'clevercomebacks': [2064573, 7], 'politics': [1817216, 22], 'interestingasfuck': [757346, 10], 'pics': [600643, 13], 'europe': [338424, 15], 'MadeMeSmile': [193257, 5], 'technology': [181432, 10], 'Damnthatsinteresting': [130933, 10], 'news': [59638, 10], 'somethingiswrong2024': [59231, 2], 'Wellthatsucks': [23960, 5], 'Whistleblowers': [17653, 3], 'onguardforthee': [6582, 4], 'AITAH': [6545, 3], 'science': [5360, 2], 'halifax': [3364, 2], 'AskCanada': [2414, 2], 'NovaScotia': [1197, 2], 'thescoop': [318, 3], '50501': [232, 2], 'EnoughMuskSpam': [140, 2], 'NoShitSherlock': [82, 3], 'AskACanadian': [81, 2], 'sushi': [40, 2], 'popculture': [36, 3]}",44649763
politics,"{'worldnews': [1887047, 13], 'law': [313092, 9], 'technology': [261112, 7], 'Music': [248489, 5], 'UpliftingNews': [91423, 5], 'IAmA': [73025, 5], 'texas': [68343, 4], 'fednews': [60105, 4], 'nfl': [51230, 7], 'climate': [10695, 4], 'environment': [7915, 2], 'minnesota': [6601, 2], 'CFB': [6271, 3], 'Health': [3723, 4], 'fantasyfootball': [2346, 2], 'nyc': [2019, 3], 'PoliticalHumor': [1368, 4], 'Futurology': [1164, 2], 'india': [1099, 2], 'wisconsin': [1017, 2], 'washingtondc': [618, 3], 'Broadway': [604, 2], 'LosAngeles': [406, 2], 'economy': [247, 4], 'korea': [141, 2]}",8772599
NoStupidQuestions,"{'dankmemes': [279595, 3], 'pics': [108054, 12], 'Eldenring': [46450, 3], 'whenthe': [41759, 2], 'AskReddit': [32696, 21], 'TooAfraidToAsk': [16301, 2], 'perfectlycutscreams': [5366, 2], 'StupidFood': [4623, 2], 'HistoryMemes': [3886, 3], 'Advice': [1017, 3], 'TwoXChromosomes': [980, 2], 'Silksong': [205, 2], 'OldSchoolCool': [173, 3], 'nattyorjuice': [163, 2], 'cats': [93, 2], 'namenerds': [48, 3], 'Aquariums': [45, 2], 'lgbt': [27, 2], 'AmIOverreacting': [15, 4], 'KendrickLamar': [15, 2], 'therapy': [11, 2], 'tattooadvice': [9, 2], 'tragedeigh': [7, 2], 'AskAnAustralian': [4, 2], 'whatisthisthing': [3, 2]}",5570652
GunPorn,"{'guns': [35701, 15], 'ar15': [32400, 15], 'NFA': [25940, 12], 'tacticalgear': [12514, 10], 'Firearms': [11712, 6], 'SigSauer': [6335, 8], 'HecklerKoch': [6116, 6], 'MP5': [3689, 7], '2011': [3319, 9], 'Idiotswithguns': [3181, 2], 'ak47': [1843, 5], 'retroguns': [1682, 4], 'NightVision': [1509, 7], 'PlebeianAR': [1505, 4], 'Revolvers': [1151, 3], 'Shotguns': [782, 4], 'Cursedgunimages': [392, 3], 'Tacticalshotguns': [197, 2], 'gifs': [187, 2], 'milsurp': [182, 4], 'mossberg': [79, 2], 'knives': [58, 2], 'GarandThumb': [34, 3], 'AR9': [30, 2], 'PalmettoStateArms': [26, 2]}",259317
ar15,"{'tacticalgear': [54878, 15], 'GunPorn': [22635, 10], 'NFA': [20021, 16], 'gundeals': [14198, 10], 'Glocks': [10932, 13], 'RetroAR': [8558, 6], 'RooftopDefenders': [6405, 3], '2011': [5940, 6], 'CCW': [5925, 8], 'movies': [3721, 2], 'Justrolledintotheshop': [3420, 2], 'pics': [2859, 2], 'ak47': [2673, 4], 'PlebeianAR': [2075, 5], 'HecklerKoch': [1967, 4], 'retroguns': [1849, 3], 'AR10': [1382, 5], 'Revolvers': [1338, 2], 'GunAccessoriesForSale': [726, 15], 'SmithAndWesson': [589, 3], 'fosscad': [547, 3], 'ToyotaTundra': [308, 2], 'supersafety': [258, 2], 'hipower': [173, 2], 'rattlecannedguns': [102, 3]}",346115
interestingasfuck,"{'Damnthatsinteresting': [2875778, 21], 'pics': [1720257, 12], 'MurderedByWords': [284187, 5], 'holdmycatnip': [240901, 4], 'worldnews': [178542, 9], 'news': [160473, 6], 'ThatsInsane': [145593, 6], 'OneOrangeBraincell': [75477, 2], 'confusing_perspective': [61229, 3], 'cursedcomments': [57954, 3], 'memes': [48962, 7], 'NatureIsFuckingLit': [43800, 4], 'ukraine': [40776, 2], 'argentina': [22239, 2], 'AskReddit': [19156, 9], 'MapPorn': [11460, 2], 'AskMen': [5484, 4], 'technicallythetruth': [3845, 2], 'wholesome': [2995, 2], 'Funnymemes': [1251, 2], 'languagelearning': [1090, 2], 'iphone': [802, 3], 'cats': [477, 3], 'polls': [119, 2], 'OldSchoolCool': [51, 2]}",13530877
Glocks,"{'guns': [106449, 7], 'mildlyinteresting': [38191, 5], 'GunPorn': [11228, 10], 'CCW': [7546, 10], '2011': [3120, 7], 'GlockMod': [2471, 10], 'interestingasfuck': [1609, 3], 'SmithAndWesson': [1443, 6], 'SigSauer': [1441, 10], 'gundeals': [893, 7], 'mildlyinfuriating': [393, 4], 'Money': [316, 4], 'GunAccessoriesForSale': [257, 10], 'handguns': [213, 3], 'malelivingspace': [194, 3], 'iphone': [139, 2], 'PalmettoStateArms': [99, 4], 'concealedcarry': [98, 3], 'lakers': [90, 2], 'gaming': [57, 2], 'Glock43X': [53, 2], 'flightsim': [18, 2], 'whatisthiscar': [12, 2], '300BLK': [7, 2], 'howto': [2, 2]}",186227
gundeals,"{'pics': [70588, 7], 'AskReddit': [18117, 5], 'funny': [15403, 3], 'NFA': [14601, 16], 'Firearms': [12127, 10], 'ar15': [11009, 13], 'guns': [8360, 8], 'tacticalgear': [4039, 6], 'ak47': [2735, 8], 'GunAccessoriesForSale': [1358, 15], 'GunPorn': [1211, 3], 'milsurp': [982, 4], '300BLK': [789, 2], 'gifs': [742, 3], 'MP5': [632, 7], 'Showerthoughts': [433, 2], 'NightVision': [349, 3], 'HecklerKoch': [313, 5], '2011': [223, 5], 'todayilearned': [180, 2], 'food': [167, 3], 'HotWheels': [132, 2], 'videos': [68, 2], 'Danieldefense': [15, 2], 'MechanicAdvice': [7, 2]}",533233
clevercomebacks,"{'MurderedByWords': [13394342, 15], 'WhitePeopleTwitter': [2554288, 10], 'facepalm': [1893232, 15], 'pics': [958754, 12], 'law': [766148, 4], 'BlackPeopleTwitter': [683601, 5], 'FluentInFinance': [621641, 6], 'antiwork': [298996, 7], 'AskReddit': [250364, 11], 'LateStageCapitalism': [48845, 5], 'PoliticalHumor': [46303, 8], 'coolguides': [13727, 2], 'Millennials': [11750, 2], 'Bumperstickers': [9081, 2], 'California': [4842, 2], 'economicCollapse': [4038, 2], 'NoShitSherlock': [2473, 2], 'democrats': [1358, 3], 'NoStupidQuestions': [507, 3], 'Political_Revolution': [310, 2], 'NFLv2': [283, 2], 'ask': [142, 2], 'houstonwade': [97, 2], 'TheMajorityReport': [62, 3], 'CFB': [34, 2]}",2606308
