0,1
democrats,"{0: tensor(2), 1: tensor(1), 2: tensor(1), 3: tensor(1), 4: tensor(1), 5: tensor(1), 6: tensor(2)}"
conservative,"{0: tensor(1), 1: tensor(1), 2: tensor(1), 3: tensor(1), 4: tensor(1), 5: tensor(2)}"
liberal,"{0: tensor(0), 1: tensor(1), 2: tensor(1), 3: tensor(1), 4: tensor(2)}"
republican,"{0: tensor(1), 1: tensor(1), 2: tensor(1), 3: tensor(1), 4: tensor(2)}"
trump,"{0: tensor(1), 1: tensor(0), 2: tensor(1), 3: tensor(1), 4: tensor(2)}"
politics,"{0: tensor(1), 1: tensor(1), 2: tensor(1), 3: tensor(1), 4: tensor(1), 5: tensor(2)}"
joerogan,"{0: tensor(1), 1: tensor(1), 2: tensor(1), 3: tensor(1), 4: tensor(2)}"
progressive,"{0: tensor(1), 1: tensor(1), 2: tensor(1), 3: tensor(1), 4: tensor(2)}"


left=0
center=1
right=2